wave_size,num_simulations,total_time_ms,simulations_per_second,peak_gpu_memory_mb,efficiency_score,bottleneck_phase,tree_nodes,tree_memory_mb
512,1000,168.68673299904913,5928.148481040515,239.982421875,25295.286201201016,selection,501,5.133399963378906
512,5000,1028.3328059995256,4862.239122226649,460.24267578125,10818.059956540274,expansion,2151,5.133399963378906
1024,1000,44.966165000005276,22238.94343669029,461.72705078125,49320.64959295562,selection,101,6.547462463378906
1024,5000,356.50036399965757,14025.23112151662,463.314453125,30998.032916012366,selection,651,6.547462463378906
