{
  "system_info": {
    "cpu": {
      "model": "AMD Ryzen 9 5900X",
      "cores": 12,
      "threads": 24,
      "frequency": 3693.0929999999985
    },
    "memory": {
      "total_gb": 31.30029296875,
      "available_gb": 1.7198829650878906
    },
    "gpu": {
      "name": "NVIDIA GeForce RTX 3060 Ti",
      "memory_total_gb": 8.0,
      "memory_free_gb": 7.513671875,
      "cuda_version": "12.8"
    }
  },
  "timestamp": "2025-06-10T12:54:41.160877",
  "benchmarks": {
    "Quantum State Pool": {
      "name": "Quantum State Pool",
      "configs": [
        {
          "config": {
            "max_states": 10000,
            "compression_threshold": 0.9
          },
          "allocation_time": 0.8187411030085059,
          "return_time": 2.3808610400010366,
          "total_time": 3.1996021430095425,
          "stats": {
            "allocations": 999,
            "reuses": 1,
            "compressions": 1000,
            "decompressions": 0,
            "gc_runs": 0,
            "current_pool_size": 1594,
            "compressed_states": 1000,
            "pooled_memory_mb": 10.440673828125,
            "compressed_memory_mb": 2.9755783081054688,
            "total_memory_mb": 13.416252136230469,
            "num_pooled_states": 1594,
            "num_compressed_states": 1000,
            "reuse_rate": 0.001,
            "compression_ratio": 1.0,
            "memory_saved_mb": 23.85692596435547
          }
        },
        {
          "config": {
            "max_states": 50000,
            "compression_threshold": 0.95
          },
          "allocation_time": 0.11649027199018747,
          "return_time": 2.2635186800034717,
          "total_time": 2.380008951993659,
          "stats": {
            "allocations": 997,
            "reuses": 3,
            "compressions": 1000,
            "decompressions": 0,
            "gc_runs": 0,
            "current_pool_size": 1594,
            "compressed_states": 1000,
            "pooled_memory_mb": 9.065673828125,
            "compressed_memory_mb": 2.881378173828125,
            "total_memory_mb": 11.947052001953125,
            "num_pooled_states": 1594,
            "num_compressed_states": 1000,
            "reuse_rate": 0.003,
            "compression_ratio": 1.0,
            "memory_saved_mb": 21.012725830078125
          }
        },
        {
          "config": {
            "max_states": 100000,
            "compression_threshold": 0.99
          },
          "allocation_time": 0.17674889699264895,
          "return_time": 2.321090230005211,
          "total_time": 2.49783912699786,
          "stats": {
            "allocations": 999,
            "reuses": 1,
            "compressions": 1000,
            "decompressions": 0,
            "gc_runs": 0,
            "current_pool_size": 1594,
            "compressed_states": 1000,
            "pooled_memory_mb": 10.065673828125,
            "compressed_memory_mb": 2.9312210083007812,
            "total_memory_mb": 12.996894836425781,
            "num_pooled_states": 1594,
            "num_compressed_states": 1000,
            "reuse_rate": 0.001,
            "compression_ratio": 1.0,
            "memory_saved_mb": 23.06256866455078
          }
        }
      ],
      "metrics": {}
    },
    "Wave Function Compression": {
      "name": "Wave Function Compression",
      "methods": {},
      "dimensions": [
        {
          "dimension": 256,
          "methods": {
            "uncompressed_sparse": {
              "compress_time": 0.00029491999885067344,
              "decompress_time": 4.137698851991445e-05,
              "compression_ratio": 1.0,
              "fidelity": 1.0000002384185933,
              "state_type": "sparse",
              "method": "uncompressed"
            },
            "uncompressed_medium": {
              "compress_time": 0.00010048800322692841,
              "decompress_time": 1.4317003660835326e-05,
              "compression_ratio": 1.0,
              "fidelity": 1.0,
              "state_type": "medium",
              "method": "uncompressed"
            },
            "uncompressed_dense": {
              "compress_time": 5.051400512456894e-05,
              "decompress_time": 7.13299959897995e-06,
              "compression_ratio": 1.0,
              "fidelity": 1.0,
              "state_type": "dense",
              "method": "uncompressed"
            }
          }
        },
        {
          "dimension": 512,
          "methods": {
            "uncompressed_sparse": {
              "compress_time": 4.4603002606891096e-05,
              "decompress_time": 6.0910097090527415e-06,
              "compression_ratio": 1.0,
              "fidelity": 1.0000002384185933,
              "state_type": "sparse",
              "method": "uncompressed"
            },
            "uncompressed_medium": {
              "compress_time": 3.487498906906694e-05,
              "decompress_time": 4.970002919435501e-06,
              "compression_ratio": 1.0,
              "fidelity": 1.0000002384185933,
              "state_type": "medium",
              "method": "uncompressed"
            },
            "uncompressed_dense": {
              "compress_time": 3.293198824394494e-05,
              "decompress_time": 4.428002284839749e-06,
              "compression_ratio": 1.0,
              "fidelity": 1.0,
              "state_type": "dense",
              "method": "uncompressed"
            }
          }
        },
        {
          "dimension": 1024,
          "methods": {
            "uncompressed_sparse": {
              "compress_time": 3.402300353627652e-05,
              "decompress_time": 5.0289963837713e-06,
              "compression_ratio": 1.0,
              "fidelity": 1.000000476837215,
              "state_type": "sparse",
              "method": "uncompressed"
            },
            "uncompressed_medium": {
              "compress_time": 3.282100078649819e-05,
              "decompress_time": 4.3379986891523e-06,
              "compression_ratio": 1.0,
              "fidelity": 0.9999997615814351,
              "state_type": "medium",
              "method": "uncompressed"
            },
            "uncompressed_dense": {
              "compress_time": 3.238000499550253e-05,
              "decompress_time": 4.407993401400745e-06,
              "compression_ratio": 1.0,
              "fidelity": 0.9999997615814351,
              "state_type": "dense",
              "method": "uncompressed"
            }
          }
        },
        {
          "dimension": 2048,
          "methods": {
            "uncompressed_sparse": {
              "compress_time": 3.2580996048636734e-05,
              "decompress_time": 4.518995410762727e-06,
              "compression_ratio": 1.0,
              "fidelity": 1.0000002384185933,
              "state_type": "sparse",
              "method": "uncompressed"
            },
            "uncompressed_medium": {
              "compress_time": 3.4715005313046277e-05,
              "decompress_time": 4.458997864276171e-06,
              "compression_ratio": 1.0,
              "fidelity": 1.0,
              "state_type": "medium",
              "method": "uncompressed"
            },
            "uncompressed_dense": {
              "compress_time": 3.371300408616662e-05,
              "decompress_time": 4.679008270613849e-06,
              "compression_ratio": 1.0,
              "fidelity": 1.0000002384185933,
              "state_type": "dense",
              "method": "uncompressed"
            }
          }
        },
        {
          "dimension": 4096,
          "methods": {
            "uncompressed_sparse": {
              "compress_time": 3.400300920475274e-05,
              "decompress_time": 4.538000212050974e-06,
              "compression_ratio": 1.0,
              "fidelity": 1.0,
              "state_type": "sparse",
              "method": "uncompressed"
            },