wave_size,num_simulations,total_time_ms,simulations_per_second,peak_gpu_memory_mb,efficiency_score,bottleneck_phase,tree_nodes,tree_memory_mb
3072,1000,35.37825799867278,28265.947973965114,2367.73779296875,12224.466244232599,selection,9,52.830238342285156
3072,5000,70.08159100223565,71345.41223301418,2379.5791015625,30701.943078351436,selection,9,52.830238342285156
3072,10000,121.56179000157863,82262.69126071718,2384.6103515625,35325.26636721956,selection,9,52.830238342285156
3072,25000,276.72867600267637,90341.19759875632,2381.216796875,38849.62782999497,selection,9,52.830238342285156
3072,50000,490.88346999997157,101857.16785289775,2383.9345703125,43751.93060256466,selection,9,52.830238342285156
3072,100000,1007.6053369994042,99245.20675703719,2384.2763671875,42623.87243266003,selection,9,52.830238342285156
