{
  "system_info": {
    "cpu": {
      "model": "AMD Ryzen 9 5900X",
      "cores": 12,
      "threads": 24,
      "frequency": 3693.091
    },
    "memory": {
      "total_gb": 31.30029296875,
      "available_gb": 28.803550720214844
    },
    "gpu": {
      "name": "NVIDIA GeForce RTX 3060 Ti",
      "memory_total_gb": 8.0,
      "memory_free_gb": 6.8603515625,
      "cuda_version": "12.6"
    }
  },
  "timestamp": "2025-06-07T21:22:09.198030",
  "benchmarks": {
    "Quantum State Pool": {
      "name": "Quantum State Pool",
      "configs": [
        {
          "config": {
            "max_states": 10000,
            "compression_threshold": 0.9
          },
          "allocation_time": 1.0022282319841906,
          "return_time": 2.803743522032164,
          "total_time": 3.8059717540163547,
          "stats": {
            "allocations": 998,
            "reuses": 2,
            "compressions": 1000,
            "decompressions": 0,
            "gc_runs": 0,
            "current_pool_size": 1594,
            "compressed_states": 1000,
            "pooled_memory_mb": 10.315673828125,
            "compressed_memory_mb": 2.8503875732421875,
            "total_memory_mb": 13.166061401367188,
            "num_pooled_states": 1594,
            "num_compressed_states": 1000,
            "reuse_rate": 0.002,
            "compression_ratio": 1.0,
            "memory_saved_mb": 23.481735229492188
          }
        },
        {
          "config": {
            "max_states": 50000,
            "compression_threshold": 0.95
          },
          "allocation_time": 0.1320209860568866,
          "return_time": 2.597207145008724,
          "total_time": 2.729228131065611,
          "stats": {
            "allocations": 999,
            "reuses": 1,
            "compressions": 1000,
            "decompressions": 0,
            "gc_runs": 0,
            "current_pool_size": 1594,
            "compressed_states": 1000,
            "pooled_memory_mb": 10.440673828125,
            "compressed_memory_mb": 2.8979110717773438,
            "total_memory_mb": 13.338584899902344,
            "num_pooled_states": 1594,
            "num_compressed_states": 1000,
            "reuse_rate": 0.001,
            "compression_ratio": 1.0,
            "memory_saved_mb": 23.779258728027344
          }
        },
        {
          "config": {
            "max_states": 100000,
            "compression_threshold": 0.99
          },
          "allocation_time": 0.17097266903147101,
          "return_time": 2.64560052996967,
          "total_time": 2.816573199001141,
          "stats": {
            "allocations": 999,
            "reuses": 1,
            "compressions": 1000,
            "decompressions": 0,
            "gc_runs": 0,
            "current_pool_size": 1594,
            "compressed_states": 1000,
            "pooled_memory_mb": 10.440673828125,
            "compressed_memory_mb": 2.9357757568359375,
            "total_memory_mb": 13.376449584960938,
            "num_pooled_states": 1594,
            "num_compressed_states": 1000,
            "reuse_rate": 0.001,
            "compression_ratio": 1.0,
            "memory_saved_mb": 23.817123413085938
          }
        }
      ],
      "metrics": {}
    },
    "Wave Function Compression": {
      "name": "Wave Function Compression",
      "methods": {},
      "dimensions": [
        {
          "dimension": 256,
          "methods": {
            "uncompressed_sparse": {
              "compress_time": 0.0002255620202049613,
              "decompress_time": 0.0009392739739269018,
              "compression_ratio": 1.0,
              "fidelity": 0.999999880790714,
              "state_type": "sparse",
              "method": "uncompressed"
            },
            "uncompressed_medium": {
              "compress_time": 0.0001008280087262392,
              "decompress_time": 1.1311029084026814e-05,
              "compression_ratio": 1.0,
              "fidelity": 1.0,
              "state_type": "medium",
              "method": "uncompressed"
            },
            "uncompressed_dense": {
              "compress_time": 3.8071011658757925e-05,
              "decompress_time": 5.399982910603285e-06,
              "compression_ratio": 1.0,
              "fidelity": 0.9999996423721633,
              "state_type": "dense",
              "method": "uncompressed"
            }
          }
        },
        {
          "dimension": 512,
          "methods": {
            "uncompressed_sparse": {
              "compress_time": 3.8390979170799255e-05,
              "decompress_time": 5.259993486106396e-06,
              "compression_ratio": 1.0,
              "fidelity": 1.0,
              "state_type": "sparse",
              "method": "uncompressed"
            },
            "uncompressed_medium": {
              "compress_time": 6.130395922809839e-05,
              "decompress_time": 1.008802792057395e-05,
              "compression_ratio": 1.0,
              "fidelity": 1.0,
              "state_type": "medium",
              "method": "uncompressed"
            },
            "uncompressed_dense": {
              "compress_time": 3.4324999433010817e-05,
              "decompress_time": 4.427973181009293e-06,
              "compression_ratio": 1.0,
              "fidelity": 1.0,
              "state_type": "dense",
              "method": "uncompressed"
            }
          }
        },
        {
          "dimension": 1024,
          "methods": {
            "uncompressed_sparse": {
              "compress_time": 3.2790994737297297e-05,
              "decompress_time": 4.397996235638857e-06,
              "compression_ratio": 1.0,
              "fidelity": 1.0,
              "state_type": "sparse",
              "method": "uncompressed"
            },
            "uncompressed_medium": {
              "compress_time": 4.156702198088169e-05,
              "decompress_time": 5.791021976619959e-06,
              "compression_ratio": 1.0,
              "fidelity": 0.9999997615814351,
              "state_type": "medium",
              "method": "uncompressed"
            },
            "uncompressed_dense": {
              "compress_time": 3.762997221201658e-05,
              "decompress_time": 4.990026354789734e-06,
              "compression_ratio": 1.0,
              "fidelity": 0.9999996423721633,
              "state_type": "dense",
              "method": "uncompressed"
            }
          }
        },
        {
          "dimension": 2048,
          "methods": {
            "uncompressed_sparse": {
              "compress_time": 3.241101512685418e-05,
              "decompress_time": 4.458008334040642e-06,
              "compression_ratio": 1.0,
              "fidelity": 1.0000002384185933,
              "state_type": "sparse",
              "method": "uncompressed"
            },
            "uncompressed_medium": {
              "compress_time": 3.159901825711131e-05,
              "decompress_time": 4.367961082607508e-06,
              "compression_ratio": 1.0,
              "fidelity": 1.0000002384185933,
              "state_type": "medium",
              "method": "uncompressed"
            },
            "uncompressed_dense": {
              "compress_time": 3.271095920354128e-05,
              "decompress_time": 4.729023203253746e-06,
              "compression_ratio": 1.0,
              "fidelity": 0.9999997615814351,
              "state_type": "dense",
              "method": "uncompressed"
            }
          }
        },
        {
          "dimension": 4096,
          "methods": {
            "uncompressed_sparse": {
              "compress_time": 3.206002293154597e-05,
              "decompress_time": 4.477973561733961e-06,
              "compression_ratio": 1.0,
              "fidelity": 1.0,
              "state_type": "sparse",
              "method": "uncompressed"
            },
            "uncompressed_medium": {
              "compress_time": 3.096798900514841e-05,